" Response Id","User Id","Survey Started Date","Survey Started Time","Survey Submitted Date","Survey Submitted Time","Time Zone","Trigger Date","Trigger Time","Trigger Time","Trigger Name","Trigger Index","Device OS","Device OS Version","App Version","Take a picture of your environment right now. Take a picture of what you see.","In the questions that follow, rate the extent to which you are feeling the following emotions right now.  Rate the extent to which you feel these emotions on a 5-point scale, ranging from 1 (not at all) to 5 (extremely).","Right now I feel cheerful","Right now I feel nervous","Right now I feel upbeat","Right now I feel sad","Right now I feel irritated","Right now I feel happy","Right now I feel bored","Right now I feel content"
"570d99feb3477ba71a7051ac","570d969a3d7ccfb11a25de33","12/04/2016","20:01:40","12/04/2016","20:02:36","-5:00","12/04/2016","20:00:11","RANDOM","RANDOM Trigger","","iOS","9.3.1","2.2.10","https://metricwire-research.s3.amazonaws.com/pictureResponses/1460509182619$$40BB7F2C_7BB4_4CAA_A011_9CEC67708D00_1308_000000FB9F10D50D.jpg","INFORMATION_QUESTION","3 - Moderately","1 - Not at All","5 - Extremely","","1 - Not at All","3 - Somewhat","5 - Extremely","2 - Somewhat"
"570d9711b3477ba71a70515d","570d969a3d7ccfb11a25de33","12/04/2016","19:49:26","12/04/2016","19:50:08","-5:00","12/04/2016","19:48:27","ONCE","Study Start","","iOS","9.3.1","2.2.10","https://metricwire-research.s3.amazonaws.com/pictureResponses/1460508433621$$66A46A41_2E91_4D47_960A_8DD5EED7BF8E_1308_000000FACC80D0A5.jpg","INFORMATION_QUESTION","3 - Moderately","3 - Moderately","4 - Very Much","","4 - Very Much","2 - Slightly","5 - Extremely","1 - Not at All"
"568c18bc34387c6137ef5b32","5674736f33a3112b0e26bbbd","05/01/2016","13:25:18","05/01/2016","13:25:32","-6:00","05/01/2016","13:21:40","RANDOM","RANDOM Trigger","","iOS","8.4","2.2.4","","INFORMATION_QUESTION","","","","","","","",""
"56881cfd3b630908053a3507","5674736f33a3112b0e26bbbd","","","","","-6:00","02/01/2016","12:49:54","RANDOM","RANDOM Trigger","","iOS","8.4","2.2.4","","","","","","","","","",""
"568842b55ba2f90305c497d3","5674736f33a3112b0e26bbbd","","","","","-6:00","02/01/2016","15:20:08","RANDOM","RANDOM Trigger","","iOS","8.4","2.2.4","","","","","","","","","",""
"568853cd754c65d61c5f78bf","5674736f33a3112b0e26bbbd","","","","","-6:00","02/01/2016","16:45:12","RANDOM","RANDOM Trigger","","iOS","8.4","2.2.4","","","","","","","","","",""
"5688a04d5ba2f90305c49837","5674736f33a3112b0e26bbbd","","","","","-6:00","02/01/2016","21:24:36","RANDOM","RANDOM Trigger","","iOS","8.4","2.2.4","","","","","","","","","",""
"568967f9f289b6320507c070","5674736f33a3112b0e26bbbd","","","","","-6:00","03/01/2016","12:23:50","RANDOM","RANDOM Trigger","","iOS","8.4","2.2.4","","","","","","","","","",""
"568993b1378163cd1c0aa067","5674736f33a3112b0e26bbbd","","","","","-6:00","03/01/2016","14:50:55","RANDOM","RANDOM Trigger","","iOS","8.4","2.2.4","","","","","","","","","",""
"5689e835378163cd1c0aa0a2","5674736f33a3112b0e26bbbd","03/01/2016","21:30:42","03/01/2016","21:32:37","-6:00","03/01/2016","20:30:26","RANDOM","RANDOM Trigger","","iOS","8.4","2.2.4","","INFORMATION_QUESTION","","","","","","","",""
"568accf3a86c7fb12c4c5f29","5674736f33a3112b0e26bbbd","04/01/2016","13:49:50","04/01/2016","13:49:55","-6:00","04/01/2016","13:31:45","RANDOM","RANDOM Trigger","","iOS","8.4","2.2.4","","INFORMATION_QUESTION","","","","","","","",""
"568b1d85aee966b02e25eff1","5674736f33a3112b0e26bbbd","04/01/2016","19:33:04","04/01/2016","19:33:07","-6:00","04/01/2016","19:32:38","RANDOM","RANDOM Trigger","","iOS","8.4","2.2.4","","INFORMATION_QUESTION","","","","","","","",""
"568c39ed563fe26f37a27e34","5674736f33a3112b0e26bbbd","05/01/2016","15:46:54","05/01/2016","15:46:59","-6:00","05/01/2016","15:44:42","RANDOM","RANDOM Trigger","","iOS","8.4","2.2.4","","INFORMATION_QUESTION","","","","","","","",""
"568c858591e1d47437149be2","5674736f33a3112b0e26bbbd","05/01/2016","18:21:21","05/01/2016","18:21:37","-6:00","05/01/2016","17:53:56","RANDOM","RANDOM Trigger","","iOS","8.4","2.2.4","","INFORMATION_QUESTION","","","","","","","",""
"568c85c3e26d8c5b3749353e","5674736f33a3112b0e26bbbd","05/01/2016","21:10:23","05/01/2016","21:10:44","-6:00","05/01/2016","20:05:28","RANDOM","RANDOM Trigger","","iOS","8.4","2.2.4","","INFORMATION_QUESTION","","","","","","","",""
"568c93d234387c6137ef5c24","5674736f33a3112b0e26bbbd","05/01/2016","22:10:30","05/01/2016","22:10:50","-6:00","05/01/2016","21:49:19","RANDOM","RANDOM Trigger","","iOS","8.4","2.2.4","","INFORMATION_QUESTION","","","","","","","",""
"568d95c862e9b26637d564b1","5674736f33a3112b0e26bbbd","06/01/2016","16:31:10","06/01/2016","16:31:26","-6:00","06/01/2016","16:27:30","RANDOM","RANDOM Trigger","","iOS","8.4","2.2.4","","INFORMATION_QUESTION","","","","","","","",""
"568dbe2c868b8c753778e572","5674736f33a3112b0e26bbbd","06/01/2016","19:23:25","06/01/2016","19:23:38","-6:00","06/01/2016","19:22:09","RANDOM","RANDOM Trigger","","iOS","8.4","2.2.4","","INFORMATION_QUESTION","","","","","","","",""
"568dea9034387c6137ef5f99","5674736f33a3112b0e26bbbd","06/01/2016","22:32:54","06/01/2016","22:33:05","-6:00","06/01/2016","21:45:53","RANDOM","RANDOM Trigger","","iOS","8.4","2.2.4","","INFORMATION_QUESTION","","","","","","","",""
"568eb74edaa8e756378b1b73","5674736f33a3112b0e26bbbd","07/01/2016","13:06:31","07/01/2016","13:06:36","-6:00","07/01/2016","11:18:08","RANDOM","RANDOM Trigger","","iOS","8.4","2.2.4","","INFORMATION_QUESTION","","","","","","","",""
"568f033a0cc48a42455e5bfa","5674736f33a3112b0e26bbbd","07/01/2016","18:30:26","07/01/2016","18:30:33","-6:00","07/01/2016","18:17:29","RANDOM","RANDOM Trigger","","iOS","8.4","2.2.4","","INFORMATION_QUESTION","","","","","","","",""
"568f282e2510d133456fb2eb","5674736f33a3112b0e26bbbd","07/01/2016","21:07:51","07/01/2016","21:08:06","-6:00","07/01/2016","20:48:23","RANDOM","RANDOM Trigger","","iOS","8.4","2.2.4","","INFORMATION_QUESTION","","","","","","","",""
"568ff818b59ada28454bd564","5674736f33a3112b0e26bbbd","08/01/2016","11:55:15","08/01/2016","11:55:18","-6:00","08/01/2016","10:52:56","RANDOM","RANDOM Trigger","","iOS","8.4","2.2.4","","INFORMATION_QUESTION","","","","","","","",""
"569050a2b0d980eb4bd5b0fc","5674736f33a3112b0e26bbbd","08/01/2016","18:12:59","08/01/2016","18:13:10","-6:00","08/01/2016","17:59:18","RANDOM","RANDOM Trigger","","iOS","8.4","2.2.4","","INFORMATION_QUESTION","","","","","","","",""
"56af878f10bece6e0608e522","5674736f33a3112b0e26bbbd","01/02/2016","10:23:02","01/02/2016","10:27:38","-6:00","31/01/2016","12:05:55","DELETED TRIGGER","DELETED TRIGGER","","iOS","9.2.1","2.2.5","","INFORMATION_QUESTION","","","","","","","",""
"56b41497aa31c59f13290457","5674736f33a3112b0e26bbbd","04/02/2016","21:16:02","04/02/2016","21:18:23","-6:00","04/02/2016","21:15:09","RANDOM","RANDOM Trigger","","iOS","9.2.1","2.2.5","","INFORMATION_QUESTION","3 - Moderately","1 - Not at All","5 - Extremely","","3 - Moderately","2 - Slightly","4 - Very Much","2 - Somewhat"
"56b417ea049c418513e500e4","5674736f33a3112b0e26bbbd","04/02/2016","21:31:23","04/02/2016","21:32:34","-6:00","04/02/2016","21:27:47","ONCE","Study Start","","iOS","9.2.1","2.2.5","","INFORMATION_QUESTION","3 - Moderately","2 - A Little","5 - Extremely","","3 - Moderately","4 - Very Much","1 - Not at All","3 - Moderately"
"56b428d9a9c54d95136f5880","5674736f33a3112b0e26bbbd","04/02/2016","22:43:17","04/02/2016","22:44:48","-6:00","04/02/2016","22:40:12","RANDOM","RANDOM Trigger","","iOS","9.2.1","2.2.5","","INFORMATION_QUESTION","3 - Moderately","2 - A Little","4 - Very Much","","2 - Slightly","3 - Somewhat","5 - Extremely","1 - Not at All"
"56b50c35049c418513e508d5","5674736f33a3112b0e26bbbd","05/02/2016","14:52:23","05/02/2016","14:53:45","-6:00","05/02/2016","14:41:07","RANDOM","RANDOM Trigger","","iOS","8.4","2.2.5","","INFORMATION_QUESTION","3 - Moderately","1 - Not at All","3 - Moderately","","1 - Not at All","4 - Very Much","1 - Not at All","3 - Moderately"
"56b69b999bbf9c8a13966c0b","5674736f33a3112b0e26bbbd","06/02/2016","19:17:04","06/02/2016","19:18:51","-6:00","06/02/2016","19:16:45","RANDOM","RANDOM Trigger","","iOS","9.2.1","2.2.5","","INFORMATION_QUESTION","3 - Moderately","2 - A Little","5 - Extremely","","4 - Very Much","2 - Slightly","4 - Very Much","1 - Not at All"
"56b6bdcd049c418513e515b7","5674736f33a3112b0e26bbbd","06/02/2016","21:43:26","06/02/2016","21:44:54","-6:00","06/02/2016","21:31:50","RANDOM","RANDOM Trigger","","iOS","8.4.1","2.2.5","","INFORMATION_QUESTION","3 - Moderately","1 - Not at All","4 - Very Much","","3 - Moderately","1 - Not at All","5 - Extremely","3 - Moderately"
"56b793789bbf9c8a13967177","5674736f33a3112b0e26bbbd","07/02/2016","12:55:40","07/02/2016","12:56:33","-6:00","07/02/2016","12:51:31","RANDOM","RANDOM Trigger","","iOS","8.4","2.2.5","","INFORMATION_QUESTION","2 - Slightly","4 - Very Much","1 - Not at All","","2 - Slightly","1 - Not at All","3 - Moderately","1 - Not at All"
"56b7c0225c44849a13700656","5674736f33a3112b0e26bbbd","07/02/2016","16:06:09","07/02/2016","16:07:03","-6:00","07/02/2016","16:02:41","RANDOM","RANDOM Trigger","","iOS","9.2.1","2.2.5","","INFORMATION_QUESTION","2 - Slightly","3 - Moderately","1 - Not at All","","2 - Slightly","5 - Extremely","1 - Not at All","2 - Somewhat"
"570d7149fa88b7a61a2a1207","570d6faa27d627ac1ad62816","12/04/2016","17:06:28","12/04/2016","17:08:55","-5:00","12/04/2016","17:06:06","RANDOM","RANDOM Trigger","","iOS","9.3.1","2.2.10","https://metricwire-research.s3.amazonaws.com/pictureResponses/1460498761684$$CAE2FEAC_5B16_4708_AA0E_10AEC76E5C5C_532_00000118453C7AEC.jpg","INFORMATION_QUESTION","2 - Slightly","5 - Extremely","2 - Slightly","","3 - Moderately","4 - Very Much","1 - Not at All","3 - Moderately"
"570d709727d627ac1ad62818","570d6faa27d627ac1ad62816","12/04/2016","17:03:35","12/04/2016","17:05:55","-5:00","12/04/2016","17:02:43","ONCE","Study Start","","iOS","9.3.1","2.2.10","https://metricwire-research.s3.amazonaws.com/pictureResponses/1460498583434$$93FFDC2F_D6B0_423D_8554_7EF0FB7DAB79_532_0000011761C76EC9.jpg","INFORMATION_QUESTION","3 - Moderately","1 - Not at All","5 - Extremely","","4 - Very Much","1 - Not at All","5 - Extremely","4 - Very Much"
"570ec6b33d256ab61acc895c","570ec5b7e935d69e1a8e966e","13/04/2016","17:24:40","13/04/2016","17:25:39","-5:00","13/04/2016","17:23:55","ONCE","Study Start","","iOS","9.3.1","2.2.10","https://metricwire-research.s3.amazonaws.com/pictureResponses/1460586163172$$79D3BCFE_2A33_4A5B_8945_2F5276751573_2285_000004A5859CA169.jpg","INFORMATION_QUESTION","2 - Slightly","2 - A Little","2 - Slightly","","1 - Not at All","2 - Slightly","2 - Slightly","2 - Somewhat"
"570ec6e89c6f7c9c1ae92dd2","570ec59327d627ac1ad64159","13/04/2016","17:25:46","13/04/2016","17:26:33","-5:00","13/04/2016","17:23:53","ONCE","Study Start","","iOS","9.3.1","2.2.10","https://metricwire-research.s3.amazonaws.com/pictureResponses/1460586216425$$3B89F783_D60E_44F5_B643_392EC9BCCCB3_2761_00000494F9E432B1.jpg","INFORMATION_QUESTION","2 - Slightly","2 - A Little","2 - Slightly","","1 - Not at All","3 - Somewhat","3 - Moderately","3 - Moderately"
"570ec6f5b3477ba71a705cb5","570ec59bb3477ba71a705c6f","13/04/2016","17:26:04","13/04/2016","17:26:45","-5:00","13/04/2016","17:24:00","ONCE","Study Start","","iOS","9.3.1","2.2.10","https://metricwire-research.s3.amazonaws.com/pictureResponses/1460586229003$$0F1AB111_3947_4BF2_9ECC_2DFBCE85C638_1265_000000AE4C79ADE7.jpg","INFORMATION_QUESTION","3 - Moderately","1 - Not at All","3 - Moderately","","2 - Slightly","3 - Somewhat","2 - Slightly","3 - Moderately"
"570ec6fd9c6f7c9c1ae92ddd","570ec58f9c6f7c9c1ae92db6","13/04/2016","17:26:02","13/04/2016","17:26:54","-5:00","13/04/2016","17:23:59","ONCE","Study Start","","iOS","9.3.1","2.2.10","https://metricwire-research.s3.amazonaws.com/pictureResponses/1460586237348$$8CD25A3E_5C1F_4B2E_ABB6_FC1D55372628_610_000000909BA118E4.jpg","INFORMATION_QUESTION","3 - Moderately","3 - Moderately","3 - Moderately","","1 - Not at All","3 - Somewhat","1 - Not at All","4 - Very Much"
"570ec7013d256ab61acc8971","570ec68727d627ac1ad64162","13/04/2016","17:25:32","13/04/2016","17:26:57","-5:00","13/04/2016","17:25:12","ONCE","Study Start","","iOS","9.2","2.2.10","https://metricwire-research.s3.amazonaws.com/pictureResponses/1460586240755$$38AEF9EF_EA8F_4145_A861_19F626EDDA06_5858_000006AE82C96086.jpg","INFORMATION_QUESTION","3 - Moderately","1 - Not at All","2 - Slightly","","1 - Not at All","3 - Somewhat","1 - Not at All","3 - Moderately"
"570ec7255050cc971ae68383","570ec594b3477ba71a705c6c","13/04/2016","17:26:19","13/04/2016","17:27:34","-5:00","13/04/2016","17:23:52","ONCE","Study Start","","iOS","9.3","2.2.10","https://metricwire-research.s3.amazonaws.com/pictureResponses/1460586277108$$A9046DCA_8C34_472A_A707_F8E48D812D63_1292_0000025B42D3CECD.jpg","INFORMATION_QUESTION","3 - Moderately","2 - A Little","1 - Not at All","","1 - Not at All","3 - Somewhat","2 - Slightly","1 - Not at All"
"570ec7343d256ab61acc897e","570ec599fa88b7a61a2a2bde","13/04/2016","17:25:48","13/04/2016","17:27:48","-5:00","13/04/2016","17:24:10","ONCE","Study Start","","iOS","9.2.1","2.2.10","https://metricwire-research.s3.amazonaws.com/pictureResponses/1460586291927$$650AB28D_1DF8_4153_B0BB_FA8E902A7F60_1012_0000016B7AC84CC0.jpg","INFORMATION_QUESTION","4 - Very Much","1 - Not at All","3 - Moderately","","1 - Not at All","4 - Very Much","2 - Slightly","4 - Very Much"
"570ec7469c6f7c9c1ae92de8","570ec70c3d256ab61acc897c","13/04/2016","17:27:22","13/04/2016","17:28:06","-5:00","13/04/2016","17:27:20","ONCE","Study Start","","Android","6.0","2.2.19","https://metricwire-research.s3.amazonaws.com/pictureResponses/1460586309781$$20160413_172740_MW.jpg","INFORMATION_QUESTION","3 - Moderately","3 - Moderately","3 - Moderately","","1 - Not at All","4 - Very Much","1 - Not at All","4 - Very Much"
"570ec773b3477ba71a705cf5","570ec5c83d7ccfb11a25f68d","13/04/2016","17:27:34","13/04/2016","17:28:50","-5:00","13/04/2016","17:23:55","ONCE","Study Start","","Android","4.4.4","2.2.19","https://metricwire-research.s3.amazonaws.com/pictureResponses/1460586355489$$20160413_172756_MW.jpg","INFORMATION_QUESTION","1 - Not at All","3 - Moderately","2 - Slightly","","3 - Moderately","2 - Slightly","1 - Not at All","1 - Not at All"
"570ec7d09c6f7c9c1ae92e00","570ec5df5050cc971ae68372","13/04/2016","17:27:18","13/04/2016","17:30:24","-5:00","13/04/2016","17:25:23","ONCE","Study Start","","iOS","9.2","2.2.10","https://metricwire-research.s3.amazonaws.com/pictureResponses/1460586448033$$83499B09_0D25_425A_9A5D_77A07757DF77_667_00000069DDDD53B7.jpg","INFORMATION_QUESTION","4 - Very Much","1 - Not at All","3 - Moderately","","2 - Slightly","5 - Extremely","1 - Not at All","4 - Very Much"
"570ed8893d256ab61acc89cd","570ec5c8b3477ba71a705c72","13/04/2016","18:40:36","13/04/2016","18:41:45","-5:00","13/04/2016","17:24:48","ONCE","Study Start","","iOS","8.4.1","2.2.10","https://metricwire-research.s3.amazonaws.com/pictureResponses/1460590727836$$4F5BB6A0_4260_40F6_AF16_8D5EC503F2E8_7148_00000D040FE6AAF3.jpg","INFORMATION_QUESTION","2 - Slightly","2 - A Little","3 - Moderately","","2 - Slightly","4 - Very Much","3 - Moderately","3 - Moderately"
"570ee94c5050cc971ae684a4","570ec599fa88b7a61a2a2bde","13/04/2016","19:52:35","13/04/2016","19:53:15","-5:00","13/04/2016","19:51:39","RANDOM","RANDOM Trigger","","iOS","9.2.1","2.2.10","https://metricwire-research.s3.amazonaws.com/pictureResponses/1460595018468$$772F72C7_0BFA_44D9_81C2_57D6727E84D2_1012_0000016EBD74FB0C.jpg","INFORMATION_QUESTION","3 - Moderately","1 - Not at All","3 - Moderately","","1 - Not at All","3 - Somewhat","1 - Not at All","3 - Moderately"
"570eebaa3d256ab61acc8a4f","570ec58f9c6f7c9c1ae92db6","13/04/2016","20:02:43","13/04/2016","20:03:23","-5:00","13/04/2016","20:02:34","RANDOM","RANDOM Trigger","","iOS","9.3.1","2.2.10","https://metricwire-research.s3.amazonaws.com/pictureResponses/1460595626018$$2BD4B190_A1B1_4F2D_B9A5_AA0EA290FAAC_774_000000B6DD3CFE01.jpg","INFORMATION_QUESTION","4 - Very Much","3 - Moderately","3 - Moderately","","4 - Very Much","4 - Very Much","1 - Not at All","2 - Somewhat"
"570ef5bbb3477ba71a705eb7","570ec5b7e935d69e1a8e966e","13/04/2016","20:45:39","13/04/2016","20:46:19","-5:00","13/04/2016","20:45:33","RANDOM","RANDOM Trigger","","iOS","9.3.1","2.2.10","https://metricwire-research.s3.amazonaws.com/pictureResponses/1460598202877$$77BA331D_ABC1_4156_AA06_BD3E2C1A8A76_2338_000004BE32C706F5.jpg","INFORMATION_QUESTION","3 - Moderately","1 - Not at All","2 - Slightly","","1 - Not at All","3 - Somewhat","2 - Slightly","4 - Very Much"
"570efcb4b3477ba71a705ef4","570ec70c3d256ab61acc897c","13/04/2016","21:15:08","13/04/2016","21:16:04","-5:00","13/04/2016","21:08:52","RANDOM","RANDOM Trigger","","Android","6.0","2.2.19","https://metricwire-research.s3.amazonaws.com/pictureResponses/1460599987894$$20160413_211539_MW.jpg","INFORMATION_QUESTION","1 - Not at All","2 - A Little","1 - Not at All","","2 - Slightly","3 - Somewhat","3 - Moderately","4 - Very Much"
"570f0224b3477ba71a705f63","570ec58f9c6f7c9c1ae92db6","13/04/2016","21:38:43","13/04/2016","21:39:17","-5:00","13/04/2016","21:38:11","RANDOM","RANDOM Trigger","","iOS","9.3.1","2.2.10","https://metricwire-research.s3.amazonaws.com/pictureResponses/1460601379463$$07C1D48F_30EC_4A4D_BC86_7810E66378A9_774_000000C8CA89C046.jpg","INFORMATION_QUESTION","4 - Very Much","1 - Not at All","2 - Slightly","","1 - Not at All","5 - Extremely","1 - Not at All","3 - Moderately"
"570f09415050cc971ae685fa","570ec594b3477ba71a705c6c","13/04/2016","20:37:04","13/04/2016","20:38:59","-5:00","13/04/2016","20:33:30","RANDOM","RANDOM Trigger","","iOS","9.3","2.2.10","https://metricwire-research.s3.amazonaws.com/pictureResponses/1460603201188$$86BACD8F_EA06_4A7D_AB9F_45003AA38B10_1352_000002703AD8A86F.jpg","INFORMATION_QUESTION","4 - Very Much","1 - Not at All","3 - Moderately","","1 - Not at All","3 - Somewhat","2 - Slightly","3 - Moderately"
"570f09605050cc971ae68605","570ec599fa88b7a61a2a2bde","13/04/2016","22:07:35","13/04/2016","22:10:08","-5:00","13/04/2016","22:07:18","RANDOM","RANDOM Trigger","","iOS","9.2.1","2.2.10","https://metricwire-research.s3.amazonaws.com/pictureResponses/1460603230234$$AA2055EE_2923_4F1D_AD54_BFF1E3B3228C_1012_00000178B3BE246D.jpg","INFORMATION_QUESTION","3 - Moderately","1 - Not at All","3 - Moderately","","1 - Not at All","3 - Somewhat","1 - Not at All","4 - Very Much"
"570f0979e935d69e1a8e9a26","570ec594b3477ba71a705c6c","13/04/2016","22:09:43","13/04/2016","22:10:34","-5:00","13/04/2016","22:09:27","RANDOM","RANDOM Trigger","","iOS","9.3","2.2.10","https://metricwire-research.s3.amazonaws.com/pictureResponses/1460603257146$$F2B44FF5_BAF6_43BD_8A77_2993405FB794_1352_000002896CDDBB95.jpg","INFORMATION_QUESTION","2 - Slightly","3 - Moderately","2 - Slightly","","2 - Slightly","1 - Not at All","3 - Moderately","2 - Somewhat"
"570f10c9fa88b7a61a2a2e5f","570ec70c3d256ab61acc897c","13/04/2016","22:40:52","13/04/2016","22:41:47","-5:00","13/04/2016","22:40:34","RANDOM","RANDOM Trigger","","Android","6.0","2.2.19","https://metricwire-research.s3.amazonaws.com/pictureResponses/1460605129246$$20160413_224123_MW.jpg","INFORMATION_QUESTION","1 - Not at All","1 - Not at All","1 - Not at All","","2 - Slightly","2 - Slightly","2 - Slightly","3 - Moderately"
"570f1a033d7ccfb11a25fa93","570ec58f9c6f7c9c1ae92db6","13/04/2016","23:20:35","13/04/2016","23:21:08","-5:00","13/04/2016","23:18:04","RANDOM","RANDOM Trigger","","iOS","9.3.1","2.2.10","https://metricwire-research.s3.amazonaws.com/pictureResponses/1460607490689$$37F8AE82_4EE4_4C28_9204_553D41869FC4_774_000000E091CEECFD.jpg","INFORMATION_QUESTION","4 - Very Much","1 - Not at All","3 - Moderately","","1 - Not at All","4 - Very Much","1 - Not at All","4 - Very Much"
"570f1e0427d627ac1ad64512","570ec599fa88b7a61a2a2bde","13/04/2016","23:37:39","13/04/2016","23:38:14","-5:00","13/04/2016","23:37:18","RANDOM","RANDOM Trigger","","iOS","9.2.1","2.2.10","https://metricwire-research.s3.amazonaws.com/pictureResponses/1460608516686$$B3198394_7621_4FC1_91AD_08DE85CFD9E1_1012_000001932E48D0C6.jpg","INFORMATION_QUESTION","2 - Slightly","2 - A Little","2 - Slightly","","1 - Not at All","2 - Slightly","2 - Slightly","3 - Moderately"
"570f20303d256ab61acc8b9a","570ec594b3477ba71a705c6c","13/04/2016","23:46:47","13/04/2016","23:47:28","-5:00","13/04/2016","23:44:25","RANDOM","RANDOM Trigger","","iOS","9.3","2.2.10","https://metricwire-research.s3.amazonaws.com/pictureResponses/1460609071896$$3EB62B42_BFCD_490A_91C9_87959FBDF328_1352_000002912FDAC3BF.jpg","INFORMATION_QUESTION","3 - Moderately","1 - Not at All","3 - Moderately","","1 - Not at All","3 - Somewhat","2 - Slightly","3 - Moderately"
"570fcf923d7ccfb11a25fd7f","570ec58f9c6f7c9c1ae92db6","14/04/2016","12:07:45","14/04/2016","12:15:50","-5:00","14/04/2016","12:04:26","RANDOM","RANDOM Trigger","","iOS","9.3.1","2.2.10","https://metricwire-research.s3.amazonaws.com/pictureResponses/1460653970511$$92BA863A_B955_4E38_BFE3_D0539D4C139E_363_0000004DDBE40C22.jpg","INFORMATION_QUESTION","3 - Moderately","1 - Not at All","1 - Not at All","","1 - Not at All","3 - Somewhat","2 - Slightly","4 - Very Much"
"570fe1815050cc971ae68ad4","570ec70c3d256ab61acc897c","14/04/2016","13:31:32","14/04/2016","13:32:20","-5:00","14/04/2016","13:28:35","RANDOM","RANDOM Trigger","","Android","6.0","2.2.19","https://metricwire-research.s3.amazonaws.com/pictureResponses/1460658561396$$20160414_133200_MW.jpg","INFORMATION_QUESTION","4 - Very Much","2 - A Little","3 - Moderately","","1 - Not at All","4 - Very Much","1 - Not at All","4 - Very Much"
"570fe826fa88b7a61a2a324f","570ec594b3477ba71a705c6c","14/04/2016","14:00:04","14/04/2016","14:00:41","-5:00","14/04/2016","13:56:30","RANDOM","RANDOM Trigger","","iOS","9.3","2.2.10","https://metricwire-research.s3.amazonaws.com/pictureResponses/1460660261757$$7CE1EBEB_C458_424F_8575_C3976A0F8054_1518_000002CF127378E3.jpg","INFORMATION_QUESTION","2 - Slightly","2 - A Little","2 - Slightly","","1 - Not at All","2 - Slightly","1 - Not at All","3 - Moderately"
"570ff444b3477ba71a706555","570ec5b7e935d69e1a8e966e","14/04/2016","14:51:45","14/04/2016","14:52:25","-5:00","14/04/2016","14:43:41","RANDOM","RANDOM Trigger","","iOS","9.3.1","2.2.10","https://metricwire-research.s3.amazonaws.com/pictureResponses/1460663364685$$51101A78_DBDA_4730_843F_9D7EE2B14D75_2622_00000538CE0BA29B.jpg","INFORMATION_QUESTION","2 - Slightly","2 - A Little","3 - Moderately","","1 - Not at All","2 - Slightly","1 - Not at All","2 - Somewhat"
"570ff7903d256ab61acc90eb","570ec599fa88b7a61a2a2bde","14/04/2016","15:05:44","14/04/2016","15:06:28","-5:00","14/04/2016","15:05:31","RANDOM","RANDOM Trigger","","iOS","9.2.1","2.2.10","https://metricwire-research.s3.amazonaws.com/pictureResponses/1460664207737$$D48E7FAD_0238_4636_81D7_FB76E14C5D76_1213_000001BC91CEC8D9.jpg","INFORMATION_QUESTION","2 - Slightly","2 - A Little","2 - Slightly","","1 - Not at All","2 - Slightly","2 - Slightly","3 - Moderately"
"570fff84e935d69e1a8ea007","570ec58f9c6f7c9c1ae92db6","14/04/2016","13:55:47","14/04/2016","13:56:23","-5:00","14/04/2016","13:52:42","RANDOM","RANDOM Trigger","","iOS","9.3.1","2.2.10","https://metricwire-research.s3.amazonaws.com/pictureResponses/1460666243882$$FAE25AE5_5AF9_41D0_BCFA_BD5329E49157_363_0000006695EDB83B.jpg","INFORMATION_QUESTION","3 - Moderately","2 - A Little","3 - Moderately","","2 - Slightly","3 - Somewhat","1 - Not at All","3 - Moderately"
"570fffac9c6f7c9c1ae9358f","570ec58f9c6f7c9c1ae92db6","14/04/2016","15:40:29","14/04/2016","15:41:05","-5:00","14/04/2016","15:40:11","RANDOM","RANDOM Trigger","","iOS","9.3.1","2.2.10","https://metricwire-research.s3.amazonaws.com/pictureResponses/1460666284322$$76D60EC0_F7DA_48B0_9FAC_B737E639498D_679_0000007FF9511CB3.jpg","INFORMATION_QUESTION","3 - Moderately","1 - Not at All","2 - Slightly","","1 - Not at All","3 - Somewhat","3 - Moderately","3 - Moderately"
"5710011cb3477ba71a706589","570ec7685050cc971ae6838e","14/04/2016","15:46:13","14/04/2016","15:47:10","-5:00","14/04/2016","15:46:00","RANDOM","RANDOM Trigger","","iOS","9.3.1","2.2.10","https://metricwire-research.s3.amazonaws.com/pictureResponses/1460666651922$$E8DFE0F2_945B_4546_A6F0_935CBD83F205_5715_00000708B0B38BFD.jpg","INFORMATION_QUESTION","5 - Extremely","2 - A Little","3 - Moderately","","1 - Not at All","5 - Extremely","2 - Slightly","3 - Moderately"
"5710091e9c6f7c9c1ae935a5","570ec5c83d7ccfb11a25f68d","14/04/2016","16:19:43","14/04/2016","16:21:19","-5:00","14/04/2016","16:19:07","RANDOM","RANDOM Trigger","","Android","4.4.4","2.2.19","https://metricwire-research.s3.amazonaws.com/pictureResponses/1460668702297$$20160414_162014_MW.jpg","INFORMATION_QUESTION","2 - Slightly","3 - Moderately","2 - Slightly","","2 - Slightly","2 - Slightly","1 - Not at All","2 - Somewhat"
"57100c0afa88b7a61a2a32ee","570ec599fa88b7a61a2a2bde","14/04/2016","16:33:19","14/04/2016","16:33:51","-5:00","14/04/2016","16:33:14","RANDOM","RANDOM Trigger","","iOS","9.2.1","2.2.10","https://metricwire-research.s3.amazonaws.com/pictureResponses/1460669450381$$889A835C_ED58_4389_94A5_C88BA5878270_1213_000001BDAEE89448.jpg","INFORMATION_QUESTION","3 - Moderately","1 - Not at All","2 - Slightly","","1 - Not at All","2 - Slightly","2 - Slightly","3 - Moderately"
"57100c6b27d627ac1ad65285","570ec594b3477ba71a705c6c","14/04/2016","16:34:59","14/04/2016","16:35:27","-5:00","14/04/2016","16:34:50","RANDOM","RANDOM Trigger","","iOS","9.3","2.2.10","https://metricwire-research.s3.amazonaws.com/pictureResponses/1460669547221$$B6AE19F4_248F_4184_AF28_952D729DFCE8_1631_000002F9014A7B76.jpg","INFORMATION_QUESTION","3 - Moderately","1 - Not at All","2 - Slightly","","1 - Not at All","3 - Somewhat","1 - Not at All","3 - Moderately"
"57100d1a5050cc971ae68cae","570ec5b7e935d69e1a8e966e","14/04/2016","16:37:47","14/04/2016","16:38:23","-5:00","14/04/2016","16:35:16","RANDOM","RANDOM Trigger","","iOS","9.3.1","2.2.10","https://metricwire-research.s3.amazonaws.com/pictureResponses/1460669722370$$D74D336C_2AA8_478D_B6A8_C7FD46B9B701_2694_00000546DAD8F0FB.jpg","INFORMATION_QUESTION","3 - Moderately","1 - Not at All","2 - Slightly","","1 - Not at All","3 - Somewhat","1 - Not at All","2 - Somewhat"
"571024a25050cc971ae68d3c","570ec70c3d256ab61acc897c","14/04/2016","18:18:11","14/04/2016","18:18:45","-5:00","14/04/2016","18:09:12","RANDOM","RANDOM Trigger","","Android","6.0","2.2.19","https://metricwire-research.s3.amazonaws.com/pictureResponses/1460675745856$$20160414_181826_MW.jpg","INFORMATION_QUESTION","2 - Slightly","2 - A Little","3 - Moderately","","2 - Slightly","2 - Slightly","3 - Moderately","3 - Moderately"
"571027f1e935d69e1a8ea1c1","570ec5c83d7ccfb11a25f68d","14/04/2016","18:31:46","14/04/2016","18:32:51","-5:00","14/04/2016","18:31:36","RANDOM","RANDOM Trigger","","Android","4.4.4","2.2.19","https://metricwire-research.s3.amazonaws.com/pictureResponses/1460676593134$$20160414_183225_MW.jpg","INFORMATION_QUESTION","2 - Slightly","2 - A Little","3 - Moderately","","2 - Slightly","2 - Slightly","3 - Moderately","2 - Somewhat"
"57103ddafa88b7a61a2a34bc","570ec70c3d256ab61acc897c","14/04/2016","20:04:39","14/04/2016","20:06:21","-5:00","14/04/2016","20:03:04","RANDOM","RANDOM Trigger","","Android","6.0","2.2.19","https://metricwire-research.s3.amazonaws.com/pictureResponses/1460682202255$$20160414_200450_MW.jpg","INFORMATION_QUESTION","1 - Not at All","2 - A Little","2 - Slightly","","3 - Moderately","3 - Somewhat","2 - Slightly","2 - Somewhat"
"57104122b3477ba71a7066e0","570ec5b7e935d69e1a8e966e","14/04/2016","20:19:42","14/04/2016","20:20:22","-5:00","14/04/2016","20:14:32","RANDOM","RANDOM Trigger","","iOS","9.3.1","2.2.10","https://metricwire-research.s3.amazonaws.com/pictureResponses/1460683042264$$FCD11086_1F0F_42CA_8434_3D3AFCE43F82_2774_000005689F8037F9.jpg","INFORMATION_QUESTION","4 - Very Much","1 - Not at All","3 - Moderately","","2 - Slightly","3 - Somewhat","1 - Not at All","4 - Very Much"
"571042733d7ccfb11a260196","570ec599fa88b7a61a2a2bde","14/04/2016","20:25:20","14/04/2016","20:25:58","-5:00","14/04/2016","20:25:06","RANDOM","RANDOM Trigger","","iOS","9.2.1","2.2.10","https://metricwire-research.s3.amazonaws.com/pictureResponses/1460683378231$$8121BC70_7D05_4DFE_BF52_B98FDE3CAE5B_1213_000001D4D316E10F.jpg","INFORMATION_QUESTION","3 - Moderately","1 - Not at All","3 - Moderately","","1 - Not at All","4 - Very Much","1 - Not at All","4 - Very Much"
"571043b1fa88b7a61a2a352b","570ec5c83d7ccfb11a25f68d","14/04/2016","20:29:57","14/04/2016","20:31:16","-5:00","14/04/2016","20:29:42","RANDOM","RANDOM Trigger","","Android","4.4.4","2.2.19","https://metricwire-research.s3.amazonaws.com/pictureResponses/1460683697112$$20160414_203036_MW.jpg","INFORMATION_QUESTION","1 - Not at All","2 - A Little","1 - Not at All","","2 - Slightly","1 - Not at All","2 - Slightly","2 - Somewhat"
"571055dee935d69e1a8ea3e9","570ec594b3477ba71a705c6c","14/04/2016","19:36:56","14/04/2016","19:37:25","-5:00","14/04/2016","19:36:40","RANDOM","RANDOM Trigger","","iOS","9.3","2.2.10","https://metricwire-research.s3.amazonaws.com/pictureResponses/1460688349762$$99A31931_1733_4B95_84E8_0EB491741936_1653_00000303FEE8485A.jpg","INFORMATION_QUESTION","3 - Moderately","1 - Not at All","2 - Slightly","","1 - Not at All","3 - Somewhat","2 - Slightly","3 - Moderately"
"57105600b3477ba71a706757","570ec594b3477ba71a705c6c","14/04/2016","21:48:55","14/04/2016","21:49:23","-5:00","14/04/2016","21:48:42","RANDOM","RANDOM Trigger","","iOS","9.3","2.2.10","https://metricwire-research.s3.amazonaws.com/pictureResponses/1460688384234$$4B1EFF26_2289_41CB_8A1D_7466EA576753_1723_000003223B515210.jpg","INFORMATION_QUESTION","3 - Moderately","1 - Not at All","3 - Moderately","","1 - Not at All","3 - Somewhat","2 - Slightly","3 - Moderately"
"57105ac9e935d69e1a8ea3fb","570ec599fa88b7a61a2a2bde","14/04/2016","22:09:22","14/04/2016","22:09:50","-5:00","14/04/2016","22:08:07","RANDOM","RANDOM Trigger","","iOS","9.2.1","2.2.10","https://metricwire-research.s3.amazonaws.com/pictureResponses/1460689609122$$129164A7_3603_4377_AD75_8B73177909A1_1213_000001ED52729DE4.jpg","INFORMATION_QUESTION","3 - Moderately","1 - Not at All","3 - Moderately","","1 - Not at All","3 - Somewhat","1 - Not at All","3 - Moderately"
"57105cfb27d627ac1ad6549f","570ec70c3d256ab61acc897c","14/04/2016","22:18:39","14/04/2016","22:19:12","-5:00","14/04/2016","22:17:25","RANDOM","RANDOM Trigger","","Android","6.0","2.2.19","https://metricwire-research.s3.amazonaws.com/pictureResponses/1460690171608$$20160414_221852_MW.jpg","INFORMATION_QUESTION","2 - Slightly","1 - Not at All","1 - Not at All","","1 - Not at All","4 - Very Much","1 - Not at All","4 - Very Much"
"5710620b5050cc971ae68f7b","570ec5b7e935d69e1a8e966e","14/04/2016","22:40:15","14/04/2016","22:40:47","-5:00","14/04/2016","22:27:24","RANDOM","RANDOM Trigger","","iOS","9.3.1","2.2.10","https://metricwire-research.s3.amazonaws.com/pictureResponses/1460691467438$$C6049621_25C1_4EB2_A3C1_72691DE68E36_2852_00000573CC5CEC01.jpg","INFORMATION_QUESTION","2 - Slightly","1 - Not at All","2 - Slightly","","1 - Not at All","2 - Slightly","2 - Slightly","2 - Somewhat"
"571073125050cc971ae68fe8","570ec594b3477ba71a705c6c","14/04/2016","23:51:49","14/04/2016","23:53:27","-5:00","14/04/2016","23:49:25","RANDOM","RANDOM Trigger","","iOS","9.3","2.2.10","https://metricwire-research.s3.amazonaws.com/pictureResponses/1460695826325$$1490CDD8_34D2_435F_BD96_14F8A7FD0CA0_1723_00000336F7045C65.jpg","INFORMATION_QUESTION","2 - Slightly","1 - Not at All","2 - Slightly","","1 - Not at All","2 - Slightly","3 - Moderately","2 - Somewhat"
"5710751427d627ac1ad6556b","570ec58f9c6f7c9c1ae92db6","14/04/2016","21:21:42","14/04/2016","21:22:20","-5:00","14/04/2016","21:21:13","RANDOM","RANDOM Trigger","","iOS","9.3.1","2.2.10","https://metricwire-research.s3.amazonaws.com/pictureResponses/1460696339383$$CE80FAC9_67D0_4338_907C_F88C0CF24119_241_0000000C7B30B001.jpg","INFORMATION_QUESTION","3 - Moderately","1 - Not at All","2 - Slightly","","1 - Not at All","2 - Slightly","2 - Slightly","2 - Somewhat"
"57111dfae935d69e1a8ea800","570ec599fa88b7a61a2a2bde","15/04/2016","12:02:10","15/04/2016","12:02:42","-5:00","15/04/2016","12:01:59","RANDOM","RANDOM Trigger","","iOS","9.2.1","2.2.10","https://metricwire-research.s3.amazonaws.com/pictureResponses/1460739578721$$ED379D11_8AB2_4BC1_B93A_62E4F3167C67_1510_0000020E4F00384C.jpg","INFORMATION_QUESTION","3 - Moderately","1 - Not at All","3 - Moderately","","1 - Not at All","3 - Somewhat","1 - Not at All","4 - Very Much"
"5711219efa88b7a61a2a3abf","570ec59327d627ac1ad64159","15/04/2016","12:17:13","15/04/2016","12:18:13","-5:00","15/04/2016","12:14:07","RANDOM","RANDOM Trigger","","iOS","9.3.1","2.2.10","https://metricwire-research.s3.amazonaws.com/pictureResponses/1460740509985$$4A388990_59BD_4940_B2D9_1A5F907B026A_3986_000006A643C8BDD8.jpg","INFORMATION_QUESTION","3 - Moderately","2 - A Little","3 - Moderately","","1 - Not at All","3 - Somewhat","2 - Slightly","4 - Very Much"
"571127a59c6f7c9c1ae94b74","570ec58f9c6f7c9c1ae92db6","15/04/2016","12:09:16","15/04/2016","12:43:55","-5:00","15/04/2016","12:08:38","RANDOM","RANDOM Trigger","","iOS","9.3.1","2.2.10","https://metricwire-research.s3.amazonaws.com/pictureResponses/1460742052712$$6FDD6611_CDD7_4E25_87B1_AEACAC2A2296_609_00000090DDE80F2D.jpg","INFORMATION_QUESTION","2 - Slightly","1 - Not at All","2 - Slightly","","1 - Not at All","3 - Somewhat","1 - Not at All","4 - Very Much"
"571129ee27d627ac1ad6587f","570ec5b7e935d69e1a8e966e","15/04/2016","12:53:07","15/04/2016","12:53:41","-5:00","15/04/2016","12:43:38","RANDOM","RANDOM Trigger","","iOS","9.3.1","2.2.10","https://metricwire-research.s3.amazonaws.com/pictureResponses/1460742637896$$1E5CF902_0291_44AC_8CB5_7A99201FDC17_3018_000005CD3E6CA964.jpg","INFORMATION_QUESTION","2 - Slightly","3 - Moderately","2 - Slightly","","2 - Slightly","2 - Slightly","1 - Not at All","2 - Somewhat"
"57112f7cb3477ba71a706b76","570ec5df5050cc971ae68372","15/04/2016","13:14:59","15/04/2016","13:17:16","-5:00","15/04/2016","13:12:21","RANDOM","RANDOM Trigger","","iOS","9.2","2.2.10","https://metricwire-research.s3.amazonaws.com/pictureResponses/1460744059413$$16BC2B07_C01F_4C19_AC81_96872F83A218_2158_0000014DE8F41B3F.jpg","INFORMATION_QUESTION","3 - Moderately","4 - Very Much","4 - Very Much","","2 - Slightly","5 - Extremely","5 - Extremely","4 - Very Much"
"571138445050cc971ae693a6","570ec594b3477ba71a705c6c","15/04/2016","13:13:24","15/04/2016","13:54:50","-5:00","15/04/2016","13:13:17","RANDOM","RANDOM Trigger","","iOS","9.3","2.2.10","https://metricwire-research.s3.amazonaws.com/pictureResponses/1460746308182$$8BC1F93F_9C5B_412A_82F9_1E259FDC4130_1874_000003900624811D.jpg","INFORMATION_QUESTION","4 - Very Much","1 - Not at All","4 - Very Much","","1 - Not at All","4 - Very Much","1 - Not at All","4 - Very Much"
"57113a19e935d69e1a8ea8af","570ec599fa88b7a61a2a2bde","15/04/2016","14:01:56","15/04/2016","14:02:40","-5:00","15/04/2016","14:01:47","RANDOM","RANDOM Trigger","","iOS","9.2.1","2.2.10","https://metricwire-research.s3.amazonaws.com/pictureResponses/1460746777027$$3D5E7874_34C3_4893_BD16_CCA5EB0A41A8_1559_00000236880B2DDB.jpg","INFORMATION_QUESTION","2 - Slightly","1 - Not at All","3 - Moderately","","1 - Not at All","3 - Somewhat","2 - Slightly","3 - Moderately"
"5711483cb3477ba71a706cfd","570ec5b7e935d69e1a8e966e","15/04/2016","15:02:28","15/04/2016","15:02:59","-5:00","15/04/2016","15:01:03","RANDOM","RANDOM Trigger","","iOS","9.3.1","2.2.10","https://metricwire-research.s3.amazonaws.com/pictureResponses/1460750396025$$0C8657B5_2FA8_418B_9045_EB82AD156E44_3041_000005D14FD4A8AD.jpg","INFORMATION_QUESTION","3 - Moderately","2 - A Little","4 - Very Much","","1 - Not at All","3 - Somewhat","1 - Not at All","3 - Moderately"
"57114b085050cc971ae6943b","570ec5c83d7ccfb11a25f68d","15/04/2016","15:13:53","15/04/2016","15:14:54","-5:00","15/04/2016","15:01:13","RANDOM","RANDOM Trigger","","Android","4.4.4","2.2.19","https://metricwire-research.s3.amazonaws.com/pictureResponses/1460751111824$$20160415_151418_MW.jpg","INFORMATION_QUESTION","3 - Moderately","2 - A Little","3 - Moderately","","1 - Not at All","2 - Slightly","2 - Slightly","2 - Somewhat"
"571153e1b3477ba71a706e15","570ec70c3d256ab61acc897c","15/04/2016","15:52:11","15/04/2016","15:52:41","-5:00","15/04/2016","15:46:18","RANDOM","RANDOM Trigger","","Android","6.0","2.2.19","https://metricwire-research.s3.amazonaws.com/pictureResponses/1460753377413$$20160415_155220_MW.jpg","INFORMATION_QUESTION","5 - Extremely","1 - Not at All","4 - Very Much","","1 - Not at All","4 - Very Much","1 - Not at All","3 - Moderately"
"571157ae3d256ab61acc99d7","570ec58f9c6f7c9c1ae92db6","15/04/2016","16:08:12","15/04/2016","16:08:53","-5:00","15/04/2016","16:08:07","RANDOM","RANDOM Trigger","","iOS","9.3.1","2.2.10","https://metricwire-research.s3.amazonaws.com/pictureResponses/1460754350125$$17739506_D0CF_47AD_B3DA_791B0854A168_833_000000B6B4CD5370.jpg","INFORMATION_QUESTION","3 - Moderately","1 - Not at All","2 - Slightly","","2 - Slightly","4 - Very Much","1 - Not at All","2 - Somewhat"
"571167805050cc971ae69582","570ec5df5050cc971ae68372","15/04/2016","17:12:54","15/04/2016","17:16:23","-5:00","15/04/2016","17:06:37","RANDOM","RANDOM Trigger","","iOS","9.2","2.2.10","https://metricwire-research.s3.amazonaws.com/pictureResponses/1460758400185$$C425CC6B_9201_47D2_8542_6AB5C28949A9_2231_0000015BA93E5039.jpg","INFORMATION_QUESTION","4 - Very Much","2 - A Little","3 - Moderately","","2 - Slightly","4 - Very Much","1 - Not at All","3 - Moderately"
"5711719d3d256ab61acc99f7","570ec70c3d256ab61acc897c","15/04/2016","17:59:04","15/04/2016","17:59:33","-5:00","15/04/2016","17:58:08","RANDOM","RANDOM Trigger","","Android","6.0","2.2.19","https://metricwire-research.s3.amazonaws.com/pictureResponses/1460760989048$$20160415_175916_MW.jpg","INFORMATION_QUESTION","5 - Extremely","1 - Not at All","3 - Moderately","","1 - Not at All","4 - Very Much","1 - Not at All","5 - Extremely"
"571176663d256ab61acc9a04","570ec599fa88b7a61a2a2bde","15/04/2016","18:19:29","15/04/2016","18:19:57","-5:00","15/04/2016","18:18:37","RANDOM","RANDOM Trigger","","iOS","9.2.1","2.2.10","https://metricwire-research.s3.amazonaws.com/pictureResponses/1460762212983$$0784CC4F_7077_4148_9305_716FC372B626_1559_000002684BBD8D91.jpg","INFORMATION_QUESTION","3 - Moderately","1 - Not at All","3 - Moderately","","1 - Not at All","3 - Somewhat","1 - Not at All","4 - Very Much"
"57117fa0b3477ba71a706ea1","570ec5df5050cc971ae68372","15/04/2016","18:58:40","15/04/2016","18:59:18","-5:00","15/04/2016","18:49:59","RANDOM","RANDOM Trigger","","iOS","9.2","2.2.10","https://metricwire-research.s3.amazonaws.com/pictureResponses/1460764574724$$022D025E_6DE5_474D_9FA4_445DB2B2257C_2254_000001636BC99928.jpg","INFORMATION_QUESTION","4 - Very Much","2 - A Little","2 - Slightly","","1 - Not at All","4 - Very Much","2 - Slightly","3 - Moderately"
"571184e65050cc971ae695e2","570ec58f9c6f7c9c1ae92db6","15/04/2016","19:21:06","15/04/2016","19:21:50","-5:00","15/04/2016","19:19:16","RANDOM","RANDOM Trigger","","iOS","9.3.1","2.2.10","https://metricwire-research.s3.amazonaws.com/pictureResponses/1460765926454$$B8F21405_506E_420D_91D3_4346F0171ACA_1020_000000D85AE671E1.jpg","INFORMATION_QUESTION","3 - Moderately","1 - Not at All","4 - Very Much","","1 - Not at All","4 - Very Much","1 - Not at All","4 - Very Much"
"57118cfd5050cc971ae69646","570ec5c83d7ccfb11a25f68d","15/04/2016","19:55:24","15/04/2016","19:56:21","-5:00","15/04/2016","19:52:37","RANDOM","RANDOM Trigger","","Android","4.4.4","2.2.19","https://metricwire-research.s3.amazonaws.com/pictureResponses/1460767997173$$20160415_195554_MW.jpg","INFORMATION_QUESTION","1 - Not at All","2 - A Little","1 - Not at All","","2 - Slightly","1 - Not at All","1 - Not at All","2 - Somewhat"
"57119309e935d69e1a8eab7a","570ec599fa88b7a61a2a2bde","15/04/2016","20:21:40","15/04/2016","20:22:09","-5:00","15/04/2016","20:21:30","RANDOM","RANDOM Trigger","","iOS","9.2.1","2.2.10","https://metricwire-research.s3.amazonaws.com/pictureResponses/1460769544636$$4DBE1D9B_CF87_4BB5_80FC_83AFE6167E45_1559_00000277B72E655E.jpg","INFORMATION_QUESTION","3 - Moderately","1 - Not at All","3 - Moderately","","1 - Not at All","3 - Somewhat","1 - Not at All","3 - Moderately"
"57119def3d7ccfb11a261d3c","570ec5c83d7ccfb11a25f68d","15/04/2016","21:07:47","15/04/2016","21:08:38","-5:00","15/04/2016","21:03:54","RANDOM","RANDOM Trigger","","Android","4.4.4","2.2.19","https://metricwire-research.s3.amazonaws.com/pictureResponses/1460772334662$$20160415_210809_MW.jpg","INFORMATION_QUESTION","1 - Not at All","4 - Very Much","1 - Not at All","","3 - Moderately","1 - Not at All","2 - Slightly","1 - Not at All"
"5711a50f5050cc971ae696d7","570ec70c3d256ab61acc897c","15/04/2016","20:10:58","15/04/2016","20:11:33","-5:00","15/04/2016","19:57:57","RANDOM","RANDOM Trigger","","Android","6.0","2.2.19","https://metricwire-research.s3.amazonaws.com/pictureResponses/1460774158178$$20160415_201107_MW.jpg","INFORMATION_QUESTION","4 - Very Much","1 - Not at All","3 - Moderately","","2 - Slightly","5 - Extremely","1 - Not at All","4 - Very Much"
"5711a50fb3477ba71a707044","570ec70c3d256ab61acc897c","15/04/2016","21:38:23","15/04/2016","21:39:02","-5:00","15/04/2016","21:32:19","RANDOM","RANDOM Trigger","","Android","6.0","2.2.19","https://metricwire-research.s3.amazonaws.com/pictureResponses/1460774159179$$20160415_213841_MW.jpg","INFORMATION_QUESTION","4 - Very Much","1 - Not at All","2 - Slightly","","1 - Not at All","4 - Very Much","1 - Not at All","5 - Extremely"
"5711aae127d627ac1ad65ea4","570ec58f9c6f7c9c1ae92db6","15/04/2016","22:02:52","15/04/2016","22:03:53","-5:00","15/04/2016","22:01:20","RANDOM","RANDOM Trigger","","iOS","9.3.1","2.2.10","https://metricwire-research.s3.amazonaws.com/pictureResponses/1460775649558$$5DD1ED3C_7985_43C2_AD14_9643719D07F0_1213_00000101CD901E22.jpg","INFORMATION_QUESTION","4 - Very Much","1 - Not at All","3 - Moderately","","1 - Not at All","4 - Very Much","1 - Not at All","4 - Very Much"
"5711af8d3d7ccfb11a261d82","570ec599fa88b7a61a2a2bde","15/04/2016","22:23:23","15/04/2016","22:23:48","-5:00","15/04/2016","22:23:14","RANDOM","RANDOM Trigger","","iOS","9.2.1","2.2.10","https://metricwire-research.s3.amazonaws.com/pictureResponses/1460776843062$$F1369110_990E_4209_B16A_17C5E30294EB_1559_0000027FE3A6B94F.jpg","INFORMATION_QUESTION","3 - Moderately","1 - Not at All","3 - Moderately","","1 - Not at All","3 - Somewhat","2 - Slightly","3 - Moderately"
"5711bb59b3477ba71a7070a3","570ec5c83d7ccfb11a25f68d","15/04/2016","23:13:23","15/04/2016","23:14:09","-5:00","15/04/2016","23:07:29","RANDOM","RANDOM Trigger","","Android","4.4.4","2.2.19","https://metricwire-research.s3.amazonaws.com/pictureResponses/1460779864957$$20160415_231342_MW.jpg","INFORMATION_QUESTION","1 - Not at All","2 - A Little","1 - Not at All","","2 - Slightly","1 - Not at All","2 - Slightly","2 - Somewhat"
"5711bc6b9c6f7c9c1ae9508b","570ec594b3477ba71a705c6c","15/04/2016","23:18:06","15/04/2016","23:18:43","-5:00","15/04/2016","23:14:54","RANDOM","RANDOM Trigger","","iOS","9.3","2.2.10","https://metricwire-research.s3.amazonaws.com/pictureResponses/1460780138916$$A84EA9F7_95F9_4D87_B76F_556A4529F5C9_2090_000003E3D700AD0B.jpg","INFORMATION_QUESTION","2 - Slightly","1 - Not at All","2 - Slightly","","1 - Not at All","2 - Slightly","3 - Moderately","2 - Somewhat"
"571273ebfa88b7a61a2a41dd","570ec5c83d7ccfb11a25f68d","16/04/2016","12:20:24","16/04/2016","12:21:36","-5:00","16/04/2016","12:17:21","RANDOM","RANDOM Trigger","","Android","4.4.4","2.2.19","https://metricwire-research.s3.amazonaws.com/pictureResponses/1460827114610$$20160416_122108_MW.jpg","INFORMATION_QUESTION","3 - Moderately","2 - A Little","3 - Moderately","","1 - Not at All","4 - Very Much","2 - Slightly","3 - Moderately"
"57127daf5050cc971ae698ac","570ec70c3d256ab61acc897c","16/04/2016","13:02:52","16/04/2016","13:03:22","-5:00","16/04/2016","13:02:11","RANDOM","RANDOM Trigger","","Android","6.0","2.2.19","https://metricwire-research.s3.amazonaws.com/pictureResponses/1460829615485$$20160416_130304_MW.jpg","INFORMATION_QUESTION","4 - Very Much","1 - Not at All","2 - Slightly","","1 - Not at All","4 - Very Much","1 - Not at All","4 - Very Much"
"57128ff8e935d69e1a8eaebe","570ec5c83d7ccfb11a25f68d","16/04/2016","14:20:09","16/04/2016","14:21:22","-5:00","16/04/2016","14:19:52","RANDOM","RANDOM Trigger","","Android","4.4.4","2.2.19","https://metricwire-research.s3.amazonaws.com/pictureResponses/1460834296011$$20160416_142049_MW.jpg","INFORMATION_QUESTION","3 - Moderately","2 - A Little","3 - Moderately","","2 - Slightly","3 - Somewhat","2 - Slightly","3 - Moderately"
"5712977c27d627ac1ad66088","570ec594b3477ba71a705c6c","16/04/2016","14:52:58","16/04/2016","14:53:26","-5:00","16/04/2016","14:52:52","RANDOM","RANDOM Trigger","","iOS","9.3","2.2.10","https://metricwire-research.s3.amazonaws.com/pictureResponses/1460836220323$$F5CDD553_E173_4629_AF10_4CA6CB89B8DC_2090_00000436E978DEB6.jpg","INFORMATION_QUESTION","2 - Slightly","1 - Not at All","2 - Slightly","","1 - Not at All","2 - Slightly","1 - Not at All","3 - Moderately"
"57129872e935d69e1a8eaf4b","570ec599fa88b7a61a2a2bde","16/04/2016","14:56:38","16/04/2016","14:57:31","-5:00","16/04/2016","14:53:16","RANDOM","RANDOM Trigger","","iOS","9.2.1","2.2.10","https://metricwire-research.s3.amazonaws.com/pictureResponses/1460836464195$$EE3B6816_7B48_414C_B3E5_528209B3CE0F_1847_000002C15897936C.jpg","INFORMATION_QUESTION","3 - Moderately","1 - Not at All","3 - Moderately","","1 - Not at All","3 - Somewhat","1 - Not at All","4 - Very Much"
"57129a30b3477ba71a70725f","570ec59327d627ac1ad64159","16/04/2016","15:04:14","16/04/2016","15:04:59","-5:00","16/04/2016","15:03:53","RANDOM","RANDOM Trigger","","iOS","9.3.1","2.2.10","https://metricwire-research.s3.amazonaws.com/pictureResponses/1460836912491$$2A318CDC_E2A0_4DA6_9412_A3BD6A44BEDD_4664_000008109A4203BF.jpg","INFORMATION_QUESTION","1 - Not at All","4 - Very Much","2 - Slightly","","2 - Slightly","2 - Slightly","3 - Moderately","2 - Somewhat"
"5712ad393d7ccfb11a262149","570ec68727d627ac1ad64162","16/04/2016","14:26:34","16/04/2016","14:27:18","-5:00","16/04/2016","14:23:20","RANDOM","RANDOM Trigger","","iOS","9.2","2.2.10","https://metricwire-research.s3.amazonaws.com/pictureResponses/1460841785314$$1B5E1D80_6664_427D_9670_2E6D5636BED7_7882_00000916114EC94E.jpg","INFORMATION_QUESTION","4 - Very Much","1 - Not at All","5 - Extremely","","1 - Not at All","4 - Very Much","1 - Not at All","4 - Very Much"
"5712ad6eb3477ba71a7072e8","570ec68727d627ac1ad64162","16/04/2016","16:26:15","16/04/2016","16:27:04","-5:00","16/04/2016","16:26:09","RANDOM","RANDOM Trigger","","iOS","9.2","2.2.10","https://metricwire-research.s3.amazonaws.com/pictureResponses/1460841837929$$82BFD39A_CEC7_485F_897E_BB526FDC6564_7882_000009395873AF78.jpg","INFORMATION_QUESTION","3 - Moderately","3 - Moderately","3 - Moderately","","2 - Slightly","3 - Somewhat","1 - Not at All","4 - Very Much"
"5712af503d7ccfb11a262164","570ec59327d627ac1ad64159","16/04/2016","16:34:32","16/04/2016","16:35:07","-5:00","16/04/2016","16:30:51","RANDOM","RANDOM Trigger","","iOS","9.3.1","2.2.10","https://metricwire-research.s3.amazonaws.com/pictureResponses/1460842320163$$C5BEAC62_15A3_4620_B6BA_028BBA6160DE_4732_00000824C3026AA1.jpg","INFORMATION_QUESTION","1 - Not at All","3 - Moderately","2 - Slightly","","2 - Slightly","2 - Slightly","3 - Moderately","2 - Somewhat"
"5712bc350e17ac54056aab35","570ec70c3d256ab61acc897c","16/04/2016","17:26:06","16/04/2016","17:26:58","-5:00","16/04/2016","17:22:38","RANDOM","RANDOM Trigger","","Android","6.0","2.2.19","https://metricwire-research.s3.amazonaws.com/pictureResponses/1460845621375$$20160416_172619_MW.jpg","INFORMATION_QUESTION","3 - Moderately","2 - A Little","4 - Very Much","","1 - Not at All","5 - Extremely","1 - Not at All","4 - Very Much"
"5712bd116cc0c05a05661596","570ec599fa88b7a61a2a2bde","16/04/2016","17:29:51","16/04/2016","17:30:39","-5:00","16/04/2016","17:26:38","RANDOM","RANDOM Trigger","","iOS","9.2.1","2.2.10","https://metricwire-research.s3.amazonaws.com/pictureResponses/1460845841238$$69EC6625_81E9_43F0_91B3_D7A8F3016FD4_1847_000002CF9E4CCD7D.jpg","INFORMATION_QUESTION","3 - Moderately","1 - Not at All","3 - Moderately","","1 - Not at All","3 - Somewhat","1 - Not at All","4 - Very Much"
"5712c7796cc0c05a056615a5","570ec58f9c6f7c9c1ae92db6","16/04/2016","18:14:31","16/04/2016","18:15:02","-5:00","16/04/2016","18:11:22","RANDOM","RANDOM Trigger","","iOS","9.3.1","2.2.10","https://metricwire-research.s3.amazonaws.com/pictureResponses/1460848505268$$08F1071A_7753_4D27_BB01_7B3FFD67DE9E_1971_000001B42BD1BB55.jpg","INFORMATION_QUESTION","3 - Moderately","1 - Not at All","4 - Very Much","","1 - Not at All","4 - Very Much","1 - Not at All","5 - Extremely"
"5712cb2e2f467c6805c43eb4","570ec594b3477ba71a705c6c","16/04/2016","18:29:24","16/04/2016","18:30:52","-5:00","16/04/2016","18:26:06","RANDOM","RANDOM Trigger","","iOS","9.3","2.2.10","https://metricwire-research.s3.amazonaws.com/pictureResponses/1460849454315$$2DF3C60A_E832_4CB1_A76D_55F639CA9E25_2269_000004620B332393.jpg","INFORMATION_QUESTION","1 - Not at All","1 - Not at All","1 - Not at All","","3 - Moderately","1 - Not at All","2 - Slightly","1 - Not at All"
"5712ce4059681c8b05ea6c7a","570ec599fa88b7a61a2a2bde","16/04/2016","18:43:32","16/04/2016","18:43:57","-5:00","16/04/2016","18:43:24","RANDOM","RANDOM Trigger","","iOS","9.2.1","2.2.10","https://metricwire-research.s3.amazonaws.com/pictureResponses/1460850239782$$63D7B7EA_4E57_44A8_B0A7_02842A4B7727_1847_000002D07E9F484B.jpg","INFORMATION_QUESTION","3 - Moderately","1 - Not at All","3 - Moderately","","1 - Not at All","3 - Somewhat","1 - Not at All","4 - Very Much"
"5712d5b08b0ea94a05a9cab2","570ec59327d627ac1ad64159","16/04/2016","19:14:43","16/04/2016","19:15:34","-5:00","16/04/2016","19:14:32","RANDOM","RANDOM Trigger","","iOS","9.3.1","2.2.10","https://metricwire-research.s3.amazonaws.com/pictureResponses/1460852143130$$2E48E178_23D6_4450_93E0_B0BDAE1A8DE5_4860_0000084BFC6BEF4E.jpg","INFORMATION_QUESTION","2 - Slightly","3 - Moderately","2 - Slightly","","1 - Not at All","2 - Slightly","3 - Moderately","2 - Somewhat"
"5712dc952f467c6805c43f3e","570ec5df5050cc971ae68372","16/04/2016","19:44:12","16/04/2016","19:45:07","-5:00","16/04/2016","19:40:42","RANDOM","RANDOM Trigger","","iOS","9.2","2.2.10","https://metricwire-research.s3.amazonaws.com/pictureResponses/1460853909568$$4D6BAF4E_665D_4FA4_833A_4497544621A8_2640_000001EAD8D218FE.jpg","INFORMATION_QUESTION","4 - Very Much","2 - A Little","4 - Very Much","","2 - Slightly","4 - Very Much","2 - Slightly","3 - Moderately"
"5712e2a5da3734810599cc34","570ec68727d627ac1ad64162","16/04/2016","20:09:56","16/04/2016","20:10:28","-5:00","16/04/2016","20:09:07","RANDOM","RANDOM Trigger","","iOS","9.2","2.2.10","https://metricwire-research.s3.amazonaws.com/pictureResponses/1460855460735$$FB391DBF_0FAF_4304_B96D_0410B306E1E0_8270_000009745152F220.jpg","INFORMATION_QUESTION","4 - Very Much","1 - Not at All","3 - Moderately","","1 - Not at All","3 - Somewhat","1 - Not at All","4 - Very Much"
"5712ed4fda3734810599cc69","570ec70c3d256ab61acc897c","16/04/2016","20:56:03","16/04/2016","20:56:28","-5:00","16/04/2016","20:48:52","RANDOM","RANDOM Trigger","","Android","6.0","2.2.19","https://metricwire-research.s3.amazonaws.com/pictureResponses/1460858191045$$20160416_205612_MW.jpg","INFORMATION_QUESTION","5 - Extremely","1 - Not at All","5 - Extremely","","1 - Not at All","5 - Extremely","1 - Not at All","4 - Very Much"
"5712f07bda3734810599cc75","570ec599fa88b7a61a2a2bde","16/04/2016","21:09:34","16/04/2016","21:10:00","-5:00","16/04/2016","21:09:22","RANDOM","RANDOM Trigger","","iOS","9.2.1","2.2.10","https://metricwire-research.s3.amazonaws.com/pictureResponses/1460859003195$$47CFD02C_6F4D_4388_B7C6_ABA48E5E7DCC_1847_000002D93956C1D5.jpg","INFORMATION_QUESTION","3 - Moderately","1 - Not at All","3 - Moderately","","1 - Not at All","3 - Somewhat","2 - Slightly","4 - Very Much"
"5712f71c570edb8205316eab","570ec5b7e935d69e1a8e966e","16/04/2016","21:37:52","16/04/2016","21:38:18","-5:00","16/04/2016","21:29:45","RANDOM","RANDOM Trigger","","iOS","9.3.1","2.2.10","https://metricwire-research.s3.amazonaws.com/pictureResponses/1460860699936$$90A25176_DF76_4CB8_A73B_55D296EF8D8F_3589_0000068E6F21EC60.jpg","INFORMATION_QUESTION","2 - Slightly","2 - A Little","2 - Slightly","","3 - Moderately","2 - Slightly","1 - Not at All","1 - Not at All"
"5713028c8b0ea94a05a9cb41","570ec5c83d7ccfb11a25f68d","16/04/2016","22:26:13","16/04/2016","22:27:07","-5:00","16/04/2016","22:22:54","RANDOM","RANDOM Trigger","","Android","4.4.4","2.2.19","https://metricwire-research.s3.amazonaws.com/pictureResponses/1460863628170$$20160416_222642_MW.jpg","INFORMATION_QUESTION","2 - Slightly","3 - Moderately","2 - Slightly","","2 - Slightly","2 - Slightly","2 - Slightly","2 - Somewhat"
"571304bb59681c8b05ea6ea5","570ec59327d627ac1ad64159","16/04/2016","22:35:36","16/04/2016","22:36:25","-5:00","16/04/2016","22:32:27","RANDOM","RANDOM Trigger","","iOS","9.3.1","2.2.10","https://metricwire-research.s3.amazonaws.com/pictureResponses/1460864187596$$C9DC4250_0E3B_40AE_A5B6_E44CFE69B916_4993_0000087943D16A57.jpg","INFORMATION_QUESTION","3 - Moderately","3 - Moderately","3 - Moderately","","1 - Not at All","3 - Somewhat","1 - Not at All","2 - Somewhat"
"5713092b6cc0c05a056617c5","570ec58f9c6f7c9c1ae92db6","16/04/2016","22:54:42","16/04/2016","22:55:21","-5:00","16/04/2016","22:51:13","RANDOM","RANDOM Trigger","","iOS","9.3.1","2.2.10","https://metricwire-research.s3.amazonaws.com/pictureResponses/1460865323154$$B5795B3F_1C4D_4081_9243_9DB9F9A90699_2170_000001E0E5A46EE7.jpg","INFORMATION_QUESTION","4 - Very Much","1 - Not at All","3 - Moderately","","1 - Not at All","4 - Very Much","1 - Not at All","4 - Very Much"
"57130e72570edb8205316ef1","570ec70c3d256ab61acc897c","16/04/2016","23:16:33","16/04/2016","23:17:51","-5:00","16/04/2016","23:16:21","RANDOM","RANDOM Trigger","","Android","6.0","2.2.19","https://metricwire-research.s3.amazonaws.com/pictureResponses/1460866673640$$20160416_231654_MW.jpg","INFORMATION_QUESTION","3 - Moderately","1 - Not at All","2 - Slightly","","1 - Not at All","3 - Somewhat","1 - Not at All","4 - Very Much"
"5713dc2e570edb8205316ff3","570ec58f9c6f7c9c1ae92db6","17/04/2016","13:54:47","17/04/2016","13:55:42","-5:00","17/04/2016","13:53:49","RANDOM","RANDOM Trigger","","iOS","9.3.1","2.2.10","https://metricwire-research.s3.amazonaws.com/pictureResponses/1460919342067$$4BD0B763_40FA_4306_960F_19FD8A5B446D_2479_00000232F83AD3A1.jpg","INFORMATION_QUESTION","3 - Moderately","1 - Not at All","2 - Slightly","","1 - Not at All","4 - Very Much","1 - Not at All","4 - Very Much"
"5713dd5f2f467c6805c44173","570ec70c3d256ab61acc897c","17/04/2016","13:59:56","17/04/2016","14:00:47","-5:00","17/04/2016","13:59:04","RANDOM","RANDOM Trigger","","Android","6.0","2.2.19","https://metricwire-research.s3.amazonaws.com/pictureResponses/1460919647021$$20160417_140022_MW.jpg","INFORMATION_QUESTION","3 - Moderately","3 - Moderately","1 - Not at All","","1 - Not at All","2 - Slightly","1 - Not at All","2 - Somewhat"
"5713dde159681c8b05ea708b","570ec5b7e935d69e1a8e966e","17/04/2016","14:02:29","17/04/2016","14:02:58","-5:00","17/04/2016","14:01:13","RANDOM","RANDOM Trigger","","iOS","9.3.1","2.2.10","https://metricwire-research.s3.amazonaws.com/pictureResponses/1460919777068$$9C01D631_F309_429F_BDC5_B3741E12375F_3773_000006E5D953D347.jpg","INFORMATION_QUESTION","2 - Slightly","2 - A Little","1 - Not at All","","1 - Not at All","2 - Slightly","2 - Slightly","2 - Somewhat"
"5713f51f8b0ea94a05a9cd7d","570ec5b7e935d69e1a8e966e","17/04/2016","15:41:37","17/04/2016","15:42:07","-5:00","17/04/2016","15:29:01","RANDOM","RANDOM Trigger","","iOS","9.3.1","2.2.10","https://metricwire-research.s3.amazonaws.com/pictureResponses/1460925727176$$32078DF8_68F2_4960_8384_54860DF2B994_3773_000006F03E04E30F.jpg","INFORMATION_QUESTION","2 - Slightly","2 - A Little","2 - Slightly","","1 - Not at All","2 - Slightly","2 - Slightly","3 - Moderately"
"571403f76cc0c05a05661a76","570ec70c3d256ab61acc897c","17/04/2016","16:44:55","17/04/2016","16:45:27","-5:00","17/04/2016","16:40:49","RANDOM","RANDOM Trigger","","Android","6.0","2.2.19","https://metricwire-research.s3.amazonaws.com/pictureResponses/1460929527582$$20160417_164506_MW.jpg","INFORMATION_QUESTION","1 - Not at All","3 - Moderately","1 - Not at All","","1 - Not at All","2 - Slightly","3 - Moderately","2 - Somewhat"
"571413584da4459005d4f5b9","570ec594b3477ba71a705c6c","17/04/2016","17:50:15","17/04/2016","17:51:00","-5:00","17/04/2016","17:49:25","RANDOM","RANDOM Trigger","","iOS","9.3","2.2.10","https://metricwire-research.s3.amazonaws.com/pictureResponses/1460933463877$$77F12124_AE59_4584_831F_82471AC4C306_2394_000004C378ABCBB9.jpg","INFORMATION_QUESTION","3 - Moderately","1 - Not at All","3 - Moderately","","1 - Not at All","3 - Somewhat","2 - Slightly","3 - Moderately"
"571415442f467c6805c44380","570ec70c3d256ab61acc897c","17/04/2016","17:58:40","17/04/2016","17:59:15","-5:00","17/04/2016","17:58:07","RANDOM","RANDOM Trigger","","Android","6.0","2.2.19","https://metricwire-research.s3.amazonaws.com/pictureResponses/1460933956457$$20160417_175854_MW.jpg","INFORMATION_QUESTION","1 - Not at All","1 - Not at All","1 - Not at All","","1 - Not at All","3 - Somewhat","4 - Very Much","2 - Somewhat"
"5714254f4da4459005d4f610","570ec5df5050cc971ae68372","17/04/2016","19:06:49","17/04/2016","19:07:44","-5:00","17/04/2016","19:06:36","RANDOM","RANDOM Trigger","","iOS","9.2","2.2.10","https://metricwire-research.s3.amazonaws.com/pictureResponses/1460938063687$$DE4ACE6C_0649_4F8B_A2C4_68C4FC21294C_363_00000019BF65D759.jpg","INFORMATION_QUESTION","4 - Very Much","1 - Not at All","3 - Moderately","","2 - Slightly","4 - Very Much","1 - Not at All","4 - Very Much"
"5714282d8b0ea94a05a9ce9d","570ec594b3477ba71a705c6c","17/04/2016","19:19:30","17/04/2016","19:19:57","-5:00","17/04/2016","19:19:13","RANDOM","RANDOM Trigger","","iOS","9.3","2.2.10","https://metricwire-research.s3.amazonaws.com/pictureResponses/1460938796674$$87BD0387_7423_4BC6_9AED_062D1B254F59_2394_000004CA4BF9CA07.jpg","INFORMATION_QUESTION","3 - Moderately","1 - Not at All","3 - Moderately","","1 - Not at All","3 - Somewhat","1 - Not at All","3 - Moderately"
"57144e2f4da4459005d4f708","570ec599fa88b7a61a2a2bde","17/04/2016","22:01:26","17/04/2016","22:02:08","-5:00","17/04/2016","21:58:04","RANDOM","RANDOM Trigger","","iOS","9.2.1","2.2.10","https://metricwire-research.s3.amazonaws.com/pictureResponses/1460948526556$$A643079A_2788_44F0_8A5A_19EE7637E360_2074_0000030CE971ACFF.jpg","INFORMATION_QUESTION","3 - Moderately","1 - Not at All","3 - Moderately","","1 - Not at All","3 - Somewhat","2 - Slightly","3 - Moderately"
"571454756cc0c05a05661cf2","570ec70c3d256ab61acc897c","17/04/2016","22:28:09","17/04/2016","22:28:52","-5:00","17/04/2016","22:28:01","RANDOM","RANDOM Trigger","","Android","6.0","2.2.19","https://metricwire-research.s3.amazonaws.com/pictureResponses/1460950132811$$20160417_222823_MW.jpg","INFORMATION_QUESTION","3 - Moderately","2 - A Little","3 - Moderately","","1 - Not at All","3 - Somewhat","1 - Not at All","3 - Moderately"
"5714586d59681c8b05ea8241","570ec5c83d7ccfb11a25f68d","17/04/2016","22:44:47","17/04/2016","22:45:51","-5:00","17/04/2016","22:41:56","RANDOM","RANDOM Trigger","","Android","4.4.4","2.2.19","https://metricwire-research.s3.amazonaws.com/pictureResponses/1460951149037$$20160417_224527_MW.jpg","INFORMATION_QUESTION","1 - Not at All","3 - Moderately","1 - Not at All","","3 - Moderately","1 - Not at All","2 - Slightly","2 - Somewhat"
"57145eeeda3734810599d3c8","570ec5df5050cc971ae68372","17/04/2016","23:11:56","17/04/2016","23:13:33","-5:00","17/04/2016","23:01:47","RANDOM","RANDOM Trigger","","iOS","9.2","2.2.10","https://metricwire-research.s3.amazonaws.com/pictureResponses/1460952814087$$586A0B71_2A91_405E_B27C_FF7B6162B802_526_000000394F79A29D.jpg","INFORMATION_QUESTION","3 - Moderately","2 - A Little","2 - Slightly","","1 - Not at All","4 - Very Much","1 - Not at All","4 - Very Much"
"571464ec2f467c6805c445f9","570ec599fa88b7a61a2a2bde","17/04/2016","23:38:37","17/04/2016","23:39:10","-5:00","17/04/2016","23:38:27","RANDOM","RANDOM Trigger","","iOS","9.2.1","2.2.10","https://metricwire-research.s3.amazonaws.com/pictureResponses/1460954348097$$83359423_8906_4854_9592_2C035BDFEB13_2074_00000313E6DCF6A0.jpg","INFORMATION_QUESTION","3 - Moderately","1 - Not at All","3 - Moderately","","1 - Not at All","3 - Somewhat","3 - Moderately","3 - Moderately"
"57151bc559681c8b05ea953a","570ec5df5050cc971ae68372","18/04/2016","12:38:46","18/04/2016","12:39:19","-5:00","18/04/2016","12:37:53","RANDOM","RANDOM Trigger","","iOS","9.2","2.2.10","https://metricwire-research.s3.amazonaws.com/pictureResponses/1461001157018$$57626D73_48B6_4FE8_B3F4_1A9FC94C2D18_804_0000006C041055AC.jpg","INFORMATION_QUESTION","4 - Very Much","1 - Not at All","3 - Moderately","","2 - Slightly","4 - Very Much","1 - Not at All","3 - Moderately"
"571522d7570edb82053185e5","570ec5b7e935d69e1a8e966e","18/04/2016","13:08:55","18/04/2016","13:09:30","-5:00","18/04/2016","13:08:44","RANDOM","RANDOM Trigger","","iOS","9.3.1","2.2.10","https://metricwire-research.s3.amazonaws.com/pictureResponses/1461002967165$$957ED492_882B_4E23_B792_62A53F266EE8_4243_00000779AEF910E3.jpg","INFORMATION_QUESTION","2 - Slightly","3 - Moderately","2 - Slightly","","1 - Not at All","2 - Slightly","1 - Not at All","2 - Somewhat"
"57152726da3734810599e78a","570ec599fa88b7a61a2a2bde","18/04/2016","13:27:08","18/04/2016","13:27:54","-5:00","18/04/2016","13:26:27","RANDOM","RANDOM Trigger","","iOS","9.2.1","2.2.10","https://metricwire-research.s3.amazonaws.com/pictureResponses/1461004070282$$843F21F5_BD79_4B01_82F7_E9794683A376_2209_0000033062276CAF.jpg","INFORMATION_QUESTION","3 - Moderately","1 - Not at All","3 - Moderately","","1 - Not at All","3 - Somewhat","1 - Not at All","3 - Moderately"
"5715332159681c8b05ea965c","570ec594b3477ba71a705c6c","18/04/2016","14:17:51","18/04/2016","14:19:00","-5:00","18/04/2016","14:17:34","RANDOM","RANDOM Trigger","","iOS","9.3","2.2.10","https://metricwire-research.s3.amazonaws.com/pictureResponses/1461007136673$$AECE045C_935B_410E_91B4_7C3EF33247C0_2394_000005055493BFDE.jpg","INFORMATION_QUESTION","3 - Moderately","1 - Not at All","3 - Moderately","","1 - Not at All","3 - Somewhat","2 - Slightly","3 - Moderately"
"571533b659681c8b05ea9667","570ec5df5050cc971ae68372","18/04/2016","14:20:26","18/04/2016","14:21:16","-5:00","18/04/2016","14:20:16","RANDOM","RANDOM Trigger","","iOS","9.2","2.2.10","https://metricwire-research.s3.amazonaws.com/pictureResponses/1461007285861$$B330CC1B_86B9_4761_B44A_832EE3506483_804_0000007BACA1CEDC.jpg","INFORMATION_QUESTION","4 - Very Much","1 - Not at All","3 - Moderately","","2 - Slightly","4 - Very Much","1 - Not at All","3 - Moderately"
"5715423659681c8b05ea96dd","570ec5c83d7ccfb11a25f68d","18/04/2016","15:22:39","18/04/2016","15:23:22","-5:00","18/04/2016","15:14:19","RANDOM","RANDOM Trigger","","Android","4.4.4","2.2.19","https://metricwire-research.s3.amazonaws.com/pictureResponses/1461010997689$$20160418_152255_MW.jpg","INFORMATION_QUESTION","3 - Moderately","2 - A Little","2 - Slightly","","1 - Not at All","2 - Slightly","2 - Slightly","2 - Somewhat"
"57154a7959681c8b05ea9745","570ec594b3477ba71a705c6c","18/04/2016","15:58:14","18/04/2016","15:58:36","-5:00","18/04/2016","15:58:06","RANDOM","RANDOM Trigger","","iOS","9.3","2.2.10","https://metricwire-research.s3.amazonaws.com/pictureResponses/1461013112769$$0B4D954B_B3E8_4737_9D10_29EA320F9E7A_2394_0000050DD3C90C8E.jpg","INFORMATION_QUESTION","3 - Moderately","1 - Not at All","3 - Moderately","","1 - Not at All","3 - Somewhat","1 - Not at All","3 - Moderately"
"571553808b0ea94a05a9d5b6","570ec70c3d256ab61acc897c","18/04/2016","16:36:30","18/04/2016","16:37:08","-5:00","18/04/2016","16:34:59","RANDOM","RANDOM Trigger","","Android","6.0","2.2.19","https://metricwire-research.s3.amazonaws.com/pictureResponses/1461015424598$$20160418_163652_MW.jpg","INFORMATION_QUESTION","1 - Not at All","1 - Not at All","1 - Not at All","","1 - Not at All","2 - Slightly","2 - Slightly","3 - Moderately"
"5715538459681c8b05ea97a6","570ec5c83d7ccfb11a25f68d","18/04/2016","16:36:17","18/04/2016","16:37:13","-5:00","18/04/2016","16:29:12","RANDOM","RANDOM Trigger","","Android","4.4.4","2.2.19","https://metricwire-research.s3.amazonaws.com/pictureResponses/1461015427714$$20160418_163648_MW.jpg","INFORMATION_QUESTION","1 - Not at All","2 - A Little","2 - Slightly","","2 - Slightly","2 - Slightly","2 - Slightly","2 - Somewhat"
"571559d38b0ea94a05a9d6b5","570ec599fa88b7a61a2a2bde","18/04/2016","17:03:37","18/04/2016","17:04:06","-5:00","18/04/2016","17:00:15","RANDOM","RANDOM Trigger","","iOS","9.2.1","2.2.10","https://metricwire-research.s3.amazonaws.com/pictureResponses/1461017042932$$BAE91270_C91F_47E9_B0C4_F0773984259C_2209_0000033E0A2E8456.jpg","INFORMATION_QUESTION","2 - Slightly","1 - Not at All","3 - Moderately","","1 - Not at All","3 - Somewhat","1 - Not at All","3 - Moderately"
"57155a1d8b0ea94a05a9d6c2","570ec68727d627ac1ad64162","18/04/2016","17:04:36","18/04/2016","17:05:20","-5:00","18/04/2016","16:56:15","RANDOM","RANDOM Trigger","","iOS","9.2","2.2.10","https://metricwire-research.s3.amazonaws.com/pictureResponses/1461017117180$$7BB5135F_9D11_49B0_BB83_2594FD27EF2D_9672_00000B2E0D135EFF.jpg","INFORMATION_QUESTION","4 - Very Much","1 - Not at All","5 - Extremely","","1 - Not at All","4 - Very Much","1 - Not at All","4 - Very Much"
"57156f2a2f467c6805c45bc9","570ec68727d627ac1ad64162","18/04/2016","18:34:37","18/04/2016","18:35:09","-5:00","18/04/2016","18:34:33","RANDOM","RANDOM Trigger","","iOS","9.2","2.2.10","https://metricwire-research.s3.amazonaws.com/pictureResponses/1461022506248$$E228FFA1_E7A8_41D0_856F_F99DA45F54F6_9672_00000B428D4FD764.jpg","INFORMATION_QUESTION","3 - Moderately","1 - Not at All","3 - Moderately","","1 - Not at All","3 - Somewhat","1 - Not at All","3 - Moderately"
"571575b98b0ea94a05a9d792","570ec5c83d7ccfb11a25f68d","18/04/2016","19:02:17","18/04/2016","19:03:08","-5:00","18/04/2016","19:01:56","RANDOM","RANDOM Trigger","","Android","4.4.4","2.2.19","https://metricwire-research.s3.amazonaws.com/pictureResponses/1461024183881$$20160418_190235_MW.jpg","INFORMATION_QUESTION","1 - Not at All","2 - A Little","1 - Not at All","","2 - Slightly","1 - Not at All","3 - Moderately","1 - Not at All"
"57157dab4da4459005d52018","570ec70c3d256ab61acc897c","18/04/2016","19:36:18","18/04/2016","19:37:03","-5:00","18/04/2016","19:29:33","RANDOM","RANDOM Trigger","","Android","6.0","2.2.19","https://metricwire-research.s3.amazonaws.com/pictureResponses/1461026218637$$20160418_193637_MW.jpg","INFORMATION_QUESTION","1 - Not at All","1 - Not at All","1 - Not at All","","1 - Not at All","3 - Somewhat","2 - Slightly","3 - Moderately"
"57158f746cc0c05a056623e8","570ec68727d627ac1ad64162","18/04/2016","20:52:22","18/04/2016","20:52:56","-5:00","18/04/2016","20:52:08","RANDOM","RANDOM Trigger","","iOS","9.2","2.2.10","https://metricwire-research.s3.amazonaws.com/pictureResponses/1461030772189$$DF7DB76C_6FDC_4A72_ADB6_1EDCC2DDB9F2_9839_00000B5DB325CCEB.jpg","INFORMATION_QUESTION","3 - Moderately","1 - Not at All","3 - Moderately","","1 - Not at All","3 - Somewhat","1 - Not at All","3 - Moderately"
"571593926cc0c05a056623f6","570ec5c8b3477ba71a705c72","18/04/2016","21:06:47","18/04/2016","21:10:30","-5:00","18/04/2016","21:06:17","RANDOM","RANDOM Trigger","","iOS","8.4.1","2.2.10","https://metricwire-research.s3.amazonaws.com/pictureResponses/1461031826634$$551FF3D5_8109_4821_9698_DCC371EEDA7A_1464_000002604A0BE373.jpg","INFORMATION_QUESTION","2 - Slightly","1 - Not at All","2 - Slightly","","2 - Slightly","2 - Slightly","3 - Moderately","3 - Moderately"
"5715942c4da4459005d5207f","570ec599fa88b7a61a2a2bde","18/04/2016","21:12:27","18/04/2016","21:13:03","-5:00","18/04/2016","21:12:12","RANDOM","RANDOM Trigger","","iOS","9.2.1","2.2.10","https://metricwire-research.s3.amazonaws.com/pictureResponses/1461031978447$$D67DE3EB_A067_4049_A8AD_D7B17761BAD9_2360_0000036493D99992.jpg","INFORMATION_QUESTION","2 - Slightly","1 - Not at All","3 - Moderately","","1 - Not at All","3 - Somewhat","1 - Not at All","3 - Moderately"
"5715ac1c2f467c6805c45d6a","570ec599fa88b7a61a2a2bde","18/04/2016","22:54:46","18/04/2016","22:55:11","-5:00","18/04/2016","22:53:10","RANDOM","RANDOM Trigger","","iOS","9.2.1","2.2.10","https://metricwire-research.s3.amazonaws.com/pictureResponses/1461038106843$$6167DD45_5122_48EF_A971_307C5CC00BA0_2360_00000371FC84662E.jpg","INFORMATION_QUESTION","2 - Slightly","1 - Not at All","2 - Slightly","","1 - Not at All","3 - Somewhat","1 - Not at All","3 - Moderately"
"571678976cc0c05a056669b8","570ec58f9c6f7c9c1ae92db6","19/04/2016","13:26:56","19/04/2016","13:27:39","-5:00","19/04/2016","13:26:51","RANDOM","RANDOM Trigger","","iOS","9.3.1","2.2.10","https://metricwire-research.s3.amazonaws.com/pictureResponses/1461090455370$$DCC60079_08F2_4FA5_953D_3335ECB3557F_1238_00000132ED6CAD8E.jpg","INFORMATION_QUESTION","2 - Slightly","3 - Moderately","1 - Not at All","","1 - Not at All","2 - Slightly","3 - Moderately","2 - Somewhat"
"57167df859681c8b05eaa2f9","570ec5b7e935d69e1a8e966e","19/04/2016","13:50:10","19/04/2016","13:50:39","-5:00","19/04/2016","13:49:50","RANDOM","RANDOM Trigger","","iOS","9.3.1","2.2.10","https://metricwire-research.s3.amazonaws.com/pictureResponses/1461091832464$$E9C6EDE9_F5D3_4FC7_AD13_728A116F2452_4560_000007F9D9D9CE45.jpg","INFORMATION_QUESTION","2 - Slightly","3 - Moderately","2 - Slightly","","2 - Slightly","2 - Slightly","1 - Not at All","2 - Somewhat"
"571684ce2f467c6805c46f91","570ec594b3477ba71a705c6c","19/04/2016","14:19:08","19/04/2016","14:19:47","-5:00","19/04/2016","14:18:45","RANDOM","RANDOM Trigger","","iOS","9.3","2.2.10","https://metricwire-research.s3.amazonaws.com/pictureResponses/1461093581738$$8EABA21A_A411_4BE5_94FA_C98A7F6F2A59_2809_0000056AD940FC11.jpg","INFORMATION_QUESTION","2 - Slightly","1 - Not at All","2 - Slightly","","1 - Not at All","2 - Slightly","3 - Moderately","2 - Somewhat"
"57168ce16cc0c05a05666b08","570ec599fa88b7a61a2a2bde","19/04/2016","14:53:48","19/04/2016","14:54:13","-5:00","19/04/2016","14:53:33","RANDOM","RANDOM Trigger","","iOS","9.2.1","2.2.10","https://metricwire-research.s3.amazonaws.com/pictureResponses/1461095646010$$63CE08DD_84A3_4233_A3CF_F8251D8012E7_2536_0000039C7B3DD221.jpg","INFORMATION_QUESTION","2 - Slightly","1 - Not at All","3 - Moderately","","1 - Not at All","3 - Somewhat","2 - Slightly","3 - Moderately"
"571692234da4459005d527cd","570ec70c3d256ab61acc897c","19/04/2016","15:15:09","19/04/2016","15:16:41","-5:00","19/04/2016","15:14:28","RANDOM","RANDOM Trigger","","Android","6.0","2.2.19","https://metricwire-research.s3.amazonaws.com/pictureResponses/1461096994514$$20160419_151623_MW.jpg","INFORMATION_QUESTION","2 - Slightly","2 - A Little","1 - Not at All","","1 - Not at All","2 - Slightly","3 - Moderately","3 - Moderately"
"5716934a0e17ac54056ace6e","570ec58f9c6f7c9c1ae92db6","19/04/2016","15:20:28","19/04/2016","15:21:36","-5:00","19/04/2016","15:19:16","RANDOM","RANDOM Trigger","","iOS","9.3.1","2.2.10","https://metricwire-research.s3.amazonaws.com/pictureResponses/1461097290022$$5584CBB4_D24A_4F47_B6F6_D7B5EAE18087_1525_0000014CB1AFBA17.jpg","INFORMATION_QUESTION","2 - Slightly","3 - Moderately","1 - Not at All","","1 - Not at All","3 - Somewhat","1 - Not at All","3 - Moderately"
"57169903da3734810599f0a6","570ec68727d627ac1ad64162","19/04/2016","15:45:24","19/04/2016","15:45:59","-5:00","19/04/2016","15:44:44","RANDOM","RANDOM Trigger","","iOS","9.2","2.2.10","https://metricwire-research.s3.amazonaws.com/pictureResponses/1461098754702$$140AFA69_5D1F_460B_8C1A_89C00764C263_10360_00000C0C77B01E49.jpg","INFORMATION_QUESTION","3 - Moderately","1 - Not at All","3 - Moderately","","1 - Not at All","4 - Very Much","2 - Slightly","4 - Very Much"
"57169e71da3734810599f0c5","570ec594b3477ba71a705c6c","19/04/2016","16:08:43","19/04/2016","16:09:11","-5:00","19/04/2016","16:05:32","RANDOM","RANDOM Trigger","","iOS","9.3","2.2.10","https://metricwire-research.s3.amazonaws.com/pictureResponses/1461100144428$$DDBF596C_83C9_4C9E_9478_FF1A14E90DA8_2850_0000057E18DED6BD.jpg","INFORMATION_QUESTION","3 - Moderately","1 - Not at All","3 - Moderately","","1 - Not at All","3 - Somewhat","1 - Not at All","3 - Moderately"
"5716a0738b0ea94a05a9e29b","570ec5b7e935d69e1a8e966e","19/04/2016","16:17:19","19/04/2016","16:17:46","-5:00","19/04/2016","16:17:12","RANDOM","RANDOM Trigger","","iOS","9.3.1","2.2.10","https://metricwire-research.s3.amazonaws.com/pictureResponses/1461100659201$$D84FB801_6763_4900_AA1C_06E3EEDF4FA4_4560_0000081D21102504.jpg","INFORMATION_QUESTION","3 - Moderately","2 - A Little","2 - Slightly","","2 - Slightly","2 - Slightly","1 - Not at All","1 - Not at All"
"5716ab9b4da4459005d5292b","570ec599fa88b7a61a2a2bde","19/04/2016","17:04:58","19/04/2016","17:05:21","-5:00","19/04/2016","17:01:47","RANDOM","RANDOM Trigger","","iOS","9.2.1","2.2.10","https://metricwire-research.s3.amazonaws.com/pictureResponses/1461103515567$$A1259B18_B234_4884_AC0E_27046E9AFE7A_2536_000003A7BD9753C0.jpg","INFORMATION_QUESTION","3 - Moderately","1 - Not at All","3 - Moderately","","1 - Not at All","3 - Somewhat","2 - Slightly","3 - Moderately"
"5716ae3d570edb8205318f2b","570ec70c3d256ab61acc897c","19/04/2016","17:15:48","19/04/2016","17:16:36","-5:00","19/04/2016","17:13:14","RANDOM","RANDOM Trigger","","Android","6.0","2.2.19","https://metricwire-research.s3.amazonaws.com/pictureResponses/1461104189100$$20160419_171601_MW.jpg","INFORMATION_QUESTION","2 - Slightly","2 - A Little","2 - Slightly","","2 - Slightly","1 - Not at All","3 - Moderately","2 - Somewhat"
"5716beb00e17ac54056acfa3","570ec599fa88b7a61a2a2bde","19/04/2016","18:26:21","19/04/2016","18:26:47","-5:00","19/04/2016","18:26:11","RANDOM","RANDOM Trigger","","iOS","9.2.1","2.2.10","https://metricwire-research.s3.amazonaws.com/pictureResponses/1461108399958$$964BBD2C_578E_426E_9BF2_D73326CA638F_2536_000003B4E256960C.jpg","INFORMATION_QUESTION","3 - Moderately","1 - Not at All","3 - Moderately","","1 - Not at All","3 - Somewhat","1 - Not at All","3 - Moderately"
"5716d929570edb82053190cc","570ec599fa88b7a61a2a2bde","19/04/2016","20:19:20","19/04/2016","20:19:43","-5:00","19/04/2016","20:19:09","RANDOM","RANDOM Trigger","","iOS","9.2.1","2.2.10","https://metricwire-research.s3.amazonaws.com/pictureResponses/1461115176926$$1BFFEF3D_CC17_4FFB_9884_615796A79164_2536_000003D0ECC13BAC.jpg","INFORMATION_QUESTION","4 - Very Much","1 - Not at All","3 - Moderately","","1 - Not at All","3 - Somewhat","1 - Not at All","4 - Very Much"
"5716e9520e17ac54056ad163","570ec5c8b3477ba71a705c72","19/04/2016","21:27:51","19/04/2016","21:28:41","-5:00","19/04/2016","21:26:54","RANDOM","RANDOM Trigger","","iOS","8.4.1","2.2.10","https://metricwire-research.s3.amazonaws.com/pictureResponses/1461119314261$$9297317B_F827_4F1A_A4C8_C15371838293_1964_0000038D20C110B5.jpg","INFORMATION_QUESTION","4 - Very Much","1 - Not at All","4 - Very Much","","1 - Not at All","4 - Very Much","1 - Not at All","4 - Very Much"
"5716f29f59681c8b05eaa8ca","570ec594b3477ba71a705c6c","19/04/2016","22:07:50","19/04/2016","22:08:23","-5:00","19/04/2016","22:04:46","RANDOM","RANDOM Trigger","","iOS","9.3","2.2.10","https://metricwire-research.s3.amazonaws.com/pictureResponses/1461121695319$$966E3014_BB3E_482B_9E94_79BC10BBFDB1_2850_00000586DCE2EFAC.jpg","INFORMATION_QUESTION","3 - Moderately","1 - Not at All","3 - Moderately","","1 - Not at All","3 - Somewhat","1 - Not at All","3 - Moderately"
"5716f5b7da3734810599f45d","570ec599fa88b7a61a2a2bde","19/04/2016","22:21:10","19/04/2016","22:21:33","-5:00","19/04/2016","22:21:02","RANDOM","RANDOM Trigger","","iOS","9.2.1","2.2.10","https://metricwire-research.s3.amazonaws.com/pictureResponses/1461122486370$$63C8D575_D728_435D_BEF4_677E01051D33_2536_000003E528D13549.jpg","INFORMATION_QUESTION","3 - Moderately","1 - Not at All","3 - Moderately","","1 - Not at All","3 - Somewhat","1 - Not at All","3 - Moderately"
